{"cameraMode":{"drawMode":0,"name":"Shaded","section":"Shading Mode"},"sceneLighting":true,"audioPlay":false,"sceneViewState":{"showFog":true,"showMaterialUpdate":false,"showSkybox":true,"showFlares":true,"showImageEffects":true,"showParticleSystems":true},"in2DMode":false,"pivot":{"x":4.102754592895508,"y":1.3801010847091675,"z":1.023935317993164},"rotation":{"x":-0.40255874395370486,"y":-0.0008265455835498869,"z":0.00036383926635608077,"w":-0.9153968691825867},"size":6.822226047515869,"orthographic":false}