{"cameraMode":{"drawMode":0,"name":"Shaded","section":"Shading Mode"},"sceneLighting":true,"audioPlay":false,"sceneViewState":{"showFog":true,"showMaterialUpdate":false,"showSkybox":true,"showFlares":true,"showImageEffects":true,"showParticleSystems":true},"in2DMode":false,"pivot":{"x":2.8108162879943849,"y":0.8733243942260742,"z":-0.8267397880554199},"rotation":{"x":-0.27150416374206545,"y":0.1669793576002121,"z":-0.047896698117256168,"w":-0.9466474056243897},"size":5.395491600036621,"orthographic":false}